domain,url
www.science.org,https://www.science.org/doi/10.1126/sciimmunol.abo2159
www.science.org,https://www.science.org/doi/10.1126/scisignal.abk3067
www.science.org,https://www.science.org/doi/10.1126/sciimmunol.abm8161
www.science.org,https://www.science.org/doi/10.1126/scitranslmed.abo5395
www.science.org,https://www.science.org/doi/10.1126/science.abn3810
www.science.org,https://www.science.org/doi/10.1126/sciimmunol.abf0905
www.science.org,https://www.science.org/doi/10.1126/scirobotics.abg9907
www.science.org,https://www.science.org/doi/10.1126/scirobotics.abn5459
www.science.org,https://www.science.org/doi/10.1126/scisignal.aay6013
www.science.org,https://www.science.org/doi/10.1126/scisignal.abm4452
www.nature.com,https://www.nature.com/articles/s41586-022-04629-w
www.nature.com,https://www.nature.com/articles/s41586-022-04617-0
www.nature.com,https://www.nature.com/articles/s41586-022-04666-5
www.nature.com,https://www.nature.com/articles/s41586-022-04539-x
www.nature.com,https://www.nature.com/articles/s41586-022-04520-8
www.nature.com,https://www.nature.com/articles/s41586-022-04675-4
www.nature.com,https://www.nature.com/articles/s41586-022-04647-8
www.nature.com,https://www.nature.com/articles/s41586-022-04664-7
www.nature.com,https://www.nature.com/articles/s41586-022-04674-5
www.nature.com,https://www.nature.com/articles/s41586-022-04573-9
www.thelancet.com,https://www.thelancet.com/journals/lancet/article/PIIS0140-6736(22)00122-2/fulltext
www.thelancet.com,https://www.thelancet.com/journals/lanmic/article/PIIS2666-5247(22)00033-7/fulltext
www.thelancet.com,https://www.thelancet.com/journals/lancet/article/PIIS0140-6736(22)00562-1/fulltext
www.thelancet.com,https://www.thelancet.com/journals/lancet/article/PIIS0140-6736(22)00519-0/fulltext
www.thelancet.com,https://www.thelancet.com/journals/lancet/article/PIIS0140-6736(22)00325-7/fulltext
www.thelancet.com,https://www.thelancet.com/journals/lancet/article/PIIS0140-6736(22)00182-9/fulltext
www.thelancet.com,https://www.thelancet.com/journals/lancet/article/PIIS0140-6736(22)00469-X/fulltext
www.thelancet.com,https://www.thelancet.com/journals/lancet/article/PIIS0140-6736(22)00484-6/fulltext
